角色,台词,情感分数
于连,我找德瑞纳先生。,0.910588
于连,德瑞纳先生：我就是，你是？,0.276184
于连,我叫于连・索雷尔，是您的家庭教师。,0.614194
于连,瓦勒诺：他就是你们的家庭教师？他不是木匠索雷尔的儿子么？,0.0283946
于连,瓦勒诺夫人：木匠的儿子？,0.134924
于连,瓦勒诺：木匠的儿子当老师，可真有意思。他识字吗？,0.633269
于连,是的，我不仅会读书写字，还能用拉丁文读写。,0.986346
于连,德瑞纳先生：那就请您背几句拉丁文来听听吧，来吧！,0.169851
于连,好吧。夫人，我看您手上有一本圣经。随便抽一段话告诉我开头的几个词，我能接着背出来。,0.83135
于连,夫人？,0.0360591
于连,他们很乖，夫人。,0.986432
于连,没有。,0.0180064
于连,我觉得我们应该挺合适的，可惜我得完成我的使命。,0.994919
于连,我想成为一名教士。,0.869145
于连,是的，夫人。,0.893482
于连,对不起，请原谅我，请允许我退下。,0.000419808
于连,夫人？,0.0360591
于连,我请求您让我保守住这个秘密。,0.54947
于连,德瑞纳先生：你在这儿呀！脸色这么苍白。你要是能好好装扮，还是一个挺美的女人的。涂点腮红能让你的脸颊更显气色，还可以在眼睛上用一些闪亮的蓝色眼影...你知道大家都说你什么吗？我不知道怎么说才能不冒犯你——说你是个平凡的女人。人家说，市长的夫人应该是优雅、精致的楷模。你知道我不在乎别人的闲言碎语，我也喜欢你本来的样子，但人家会说是我没钱不给你买新裙子。你穿的风格有点过时了，像10年代的，现在毕竟已经是1828年了！虽然维利叶只是个外省的小城市，但正因此，我们更应该过得体面！你看看瓦勒诺夫人，她刚置备了两匹诺曼底的大马，专门用来拉她的马车，这太张扬了！她肯定是故意的，肯定是嫉妒！嫉妒我有身份，嫉妒我雇佣了于连。这个小于连，真是我的一招妙棋！不过雇佣这么个农民，花费还是太贵了。,0.720966
于连,德瑞纳先生：豪宅大庄园 仆人成群,0.975108
于连,绣花小丝帕 藏在衣柜,0.967725
于连,荣华富贵,0.979191
于连,这才是真正重要的事,0.80094
于连,雕花银勺 厚厚的地契,0.933409
于连,东西越贵 身价才越高,0.00793276
于连,显而易见,0.975595
于连,这才是真正重要的事,0.80094
于连,先生，我趁着下午有空，正好去透透气。,0.997509
于连,德瑞纳先生：那你去透气吧，我的孩子，去吧。他肯定是看上谁家姑娘了，这种事情我一下子就能察觉到。,0.268548
于连,爱丽莎：先生？,0.35824
于连,空气，空气，空气……终于清净了！哦，主啊，饶恕我吧。我并不虔诚，却这般恳求您，但我要臣服于您！您在天上，什么都看得清楚，但这人世间一片混沌，我看不懂，也看不到您的圣光，除了露易丝眼睛里的光芒。她看我的眼神，好像看着宠物，我什么都不是。不，我不要和她的女仆在一起！我要她！她！露易丝！露易丝！我又在幻想什么呢？她还不知道我是谁！但她会看到的。我已经在人生的谷底了，没什么可失去的！哦，拿破仑，请你帮助我，鼓舞我！,0.725207
于连,人们常告诫我 要安于现状,0.0310948
于连,特权与优待 没有你的份,0.0220251
于连,你出生的那张床 不许你好高骛远,0.0332192
于连,人常嘲笑我 太放肆大胆,0.225279
于连,不论怎样努力 仍被以貌取人,0.127532
于连,卑躬屈膝 不要奢望 除了弯下脊梁 你再一无是处,9.66765e-05
于连,各有其所 各安天命 已经感激不尽,0.955151
于连,低声下气 不得奋起 浑噩度过一生,0.092648
于连,要么生而为王 要么一文不名,0.00863716
于连,然而为何仍在苦路上挣扎,0.0861207
于连,我要荣耀向我俯首,0.969179
于连,征服世界或一无所有,0.33469
于连,小恩小惠 小权小利 无足轻重,0.500534
于连,要意乱情迷的伤口,0.14183
于连,掌控你们脖颈上的绳,0.530553
于连,不满足于 小恩小惠 蛊惑人心,0.0332183
于连,旁人常轻视我 如同脚下粪土,0.726543
于连,背负父辈之名 只有残喘苟活,0.532486
于连,从中所学会的 仍是虔心祈祷,0.995352
于连,唯有告解 唯有乞求 从未触及天空,0.0503591
于连,滞留原地 禁锢被缚 无法展翅翱翔,0.0265857
于连,事事称阿门 到头一场空 反而诅咒加身,0.0027511
于连,命运 法律 不能使我屈服,0.00379256
于连,康庄大道 别再要我践行,0.0966181
于连,我会承受你们的过错 钟爱自己面前的道路,0.966357
于连,永远埋葬在身后,0.83295
于连,你们眼中愚蠢的我,0.00265209
于连,我要荣耀向我俯首,0.969179
于连,征服世界或一无所有,0.33469
于连,小恩小惠 小权小利 无足轻重,0.500534
于连,要意乱情迷的伤口,0.14183
于连,掌控你们脖颈上的绳,0.530553
于连,不满足于 小恩小惠 蛊惑人心,0.0332183
于连,我要荣耀向我俯首,0.969179
于连,征服世界或一无所有,0.33469
于连,小恩小惠 小权小利 无足轻重,0.500534
于连,要意乱情迷的伤口,0.14183
于连,掌控你们脖颈上的绳,0.530553
于连,不满足于 小恩小惠 蛊惑人心,0.0332183
于连,夫人...我爱您！,0.995363
于连,是的，夫人，为您疯狂。,0.979555
于连,好，我走，永远离开，你再也不会有我的消息。,0.923196
于连,夫人？,0.0360591
于连,我不能说。,0.0139868
于连,杰洛尼莫：爱情啊！让雄狮变成羔羊，让圣人变成浪子。爱情...多么甜蜜，多么热烈！尤其是禁忌之爱、隐秘之爱，经年累月散发着花火。,0.999246
于连,美人 我曾聊表情意,0.998031
于连,你的魅力让我一见倾心,0.999514
于连,我不幸的灵魂被你救济,0.0578567
于连,我心悸动难平,0.0742275
于连,你呢？,0.00131857
于连,好友 我可曾告诉你,0.982942
于连,我心中火炬总被你燃起,0.887378
于连,无论我如何试图去压抑,0.165575
于连,我身躁动不已,0.43906
于连,你呢？,0.00131857
于连,每当我们两相依,0.988376
于连,尽欢娱 百无禁忌,0.952104
于连,百无禁忌,0.964879
于连,敢情 这都是,0.00243183
于连,爱情这字眼惹的祸,0.389781
于连,对我说 别闪躲,0.0600214
于连,言情剧里缠绵段落,0.91138
于连,可惜 着了魔,0.857185
于连,不开口能叫人发疯,0.00229622
于连,能不能 再重播,0.0141926
于连,言情剧里缠绵段落,0.91138
于连,谎言 可否让人忘记,0.743359
于连,那些不该出口的话以及,0.038512
于连,所有深印在脑海的夜里,0.996278
于连,激情突然来袭,0.855595
于连,和你,0.78807
于连,忍让 默默痛苦以为,0.0181923
于连,宽容足以阻止背叛降临,0.979751
于连,无怨无悔地把自己献祭,0.913329
于连,服下禁断的毒,0.0147358
于连,和你,0.78807
于连,然而当我在你怀里,0.875549
于连,这世间 再无清明,0.00607272
于连,再无清明,0.0090638
于连,敢情 这都是,0.00243183
于连,爱情这字眼惹的祸,0.389781
于连,对我说 别闪躲,0.0600214
于连,言情剧里缠绵段落,0.91138
于连,可惜 着了魔,0.857185
于连,不开口能叫人发疯,0.00229622
于连,能不能 再重播,0.0141926
于连,言情剧里缠绵段落,0.91138
于连,敢情 这都是,0.00243183
于连,爱情这字眼惹的祸,0.389781
于连,对我说 别闪躲,0.0600214
于连,言情剧里缠绵段落,0.91138
于连,你主宰我的命运,0.516403
于连,背弃了上帝只因我爱你,0.603701
于连,对你发誓 这一生这一世,0.0609523
于连,沉迷这场游戏,0.998051
于连,你怎么说？,0.00024195
于连,德瑞纳先生：露易丝？,0.153778
于连,请原谅我，头有点痛，肯定是因为这嘈杂的声音。,0.00700312
于连,瓦勒诺：什么声音？哦，囚犯们啊，老问题了。,0.0459613
于连,瓦勒诺夫人：这些可怜人！都是拿破仑的拥护者。,0.119136
于连,瓦勒诺：就是没办法让他们闭嘴。,0.281198
于连,瓦勒诺夫人：连拷打他们也不行。,0.00205698
于连,瓦勒诺：除非把他们的头都砍了才行。,0.0113825
于连,瓦勒诺夫人：只有断头台，否则他们还要繁殖得更多呢！,0.0662508
于连,瓦勒诺：我们都习惯了，我几乎都听不到了。对于这些人我必须忍着，毕竟我是穷人收容所所长，没办法，这是我的使命。,0.304252
于连,杰洛尼莫：瓦勒诺，你真是个圣人！,0.77208
于连,瓦勒诺：啊，杰洛尼莫！你们都认识杰洛尼莫吧！请您赏脸给我们唱首小曲吧，这样就能把那些噪音盖住了，这对我们敏感的客人来说太重要了！,0.0949525
于连,杰洛尼莫：如您所愿！,0.976483
于连,杰洛尼莫：富人上了战场,0.981361
于连,士兵离开了战争,0.976681
于连,最简单的乐趣,0.998612
于连,打倒庸俗的平民和糟糕的品味,0.00179198
于连,衣领别上鲜花,0.960735
于连,他们的目光要穷人,0.0228751
于连,躲进泥土里,0.164613
于连,别倒人胃口,0.00788586
于连,这世道 不该这样,0.000225043
于连,这世道是个可耻的错误,0.00367929
于连,我们所有的缺点,0.0265554
于连,都丑的没有风度,0.000194589
于连,他们高高在上的告诉我们,0.682563
于连,做富人真好（当个富人）,0.996899
于连,生在丝绸堆里（上好的丝绸）,0.919794
于连,财富傍身,0.979506
于连,幸福美满 仁义道德,0.998738
于连,无所畏惧,0.996634
于连,更好的岁月,0.995719
于连,黄金岁月,0.536326
于连,生儿育女,0.922815
于连,聪明漂亮,0.99998
于连,不费吹灰之力,0.953454
于连,穷人置身苦难中,0.299616
于连,阔佬们却不屑一顾,0.0315363
于连,我们零落的人生,0.997926
于连,还不比不过他们小小的欲望,0.137729
于连,仰望上帝天父,0.985949
于连,以华服之名,0.90538
于连,他们虔诚向上帝天父祷告,0.989978
于连,还要祈祷生活更加甜美,0.991316
于连,他们 贪得无厌,0.0915454
于连,穷人 一文不值,0.00171117
于连,坦白说吧,0.00152948
于连,你们就是次等生物,0.00729154
于连,他们高高在上的告诉我们,0.682563
于连,做富人真好（当一个富人〕,0.996949
于连,生在丝绸堆里（上好的丝绸）,0.919794
于连,财富傍身,0.979506
于连,幸福美满 仁义道德,0.998738
于连,无所畏惧,0.996634
于连,更好的岁月,0.995719
于连,黄金岁月,0.536326
于连,生儿育女,0.922815
于连,聪明漂亮,0.99998
于连,不费吹灰之力,0.953454
于连,抢夺富人的面包,0.830227
于连,填饱肚子,0.000882001
于连,多么庸俗,0.00614285
于连,多没教养！,0.0012172
于连,偷走富人的金钱,0.249204
于连,遮寒取暖,0.128753
于连,多么庸俗！,0.00256273
于连,多没教养！,0.0012172
于连,多么庸俗！,0.00256273
于连,多没教养！,0.0012172
于连,多么庸俗！,0.00256273
于连,多没教养！,0.0012172
于连,瓦勒诺：太棒了！,0.999177
于连,瓦勒诺：杰洛尼莫！唱得太好了！我还没听过这首歌，它出自哪里？,0.984052
于连,杰洛尼莫：不过是首老掉牙的歌了。,0.528846
于连,瓦勒诺：当然，当然。杰洛尼莫？,0.83286
于连,杰洛尼莫：嗯？,0.0911508
于连,瓦勒诺：您献唱过各大贵族沙龙，杰洛尼莫是来自巴黎上流社会的艺术家！您认识所有人，所有有地位的人！您能不能带我融入那个圈子，把我引荐给几个男爵？,0.883717
于连,杰洛尼莫：亲爱的瓦勒诺先生，这是我的荣幸！我听说德拉莫侯爵正在找秘书，您感兴趣吗？,0.908418
于连,瓦勒诺：哈哈哈！杰洛尼莫！我们久仰德拉莫家族的名声，可我不确定他们的财富能多到让我去当秘书的程度。你们知道我们现在喝的酒有多贵吗？看我们的小于连的表情！这孩子话不多，不知道的还以为他只说拉丁文呢！,0.268557
于连,我钦佩得说不出话来。,0.845004
于连,瓦勒诺：是吗？,0.043372
于连,钦佩您管理穷人还能发财的本事！,0.00449419
于连,杰洛尼莫：好极了！好极了！瓦勒诺，你识人的眼光真好！敬友谊！敬爱情！敬智慧！,0.999917
于连,德瑞纳先生：对了！你们听说过那个跟整个炮兵团出轨的女人的故事吗？没有？是这样的：一个将军温柔地拉着...,0.00132982
于连,她以为能把我丢掉，像个玩腻了的旧玩具。 连个解释都不给。她以为能用秘书职位买下我的缄口不语。可我不是个物品！金钱买断不了一个一无所有的人。我要向她证明我比她更有价值，她这个大资产家。我也许渺小，但绝不低贱！我什么都不会说，永远不！我连想都不会再想她！删除她，忘记她。结束了。再也不碰女人，再也不会动情我心已碎。碎了更好。我再也不会被它左右了,3.74743e-06
于连,晚上好，您好吗？,0.516047
于连,天气真好不是吗？,0.442239
于连,今年冬天一点也不冷,0.295252
于连,这些客套话,0.539863
于连,那我发会呆吧,0.571042
于连,你继续说，我打个盹,0.419902
于连,大家都没其他好说的,0.263508
于连,来唤醒欲望,0.945893
于连,啊，好无聊，好无聊，这些优雅的人儿,0.00984697
于连,他们爱我也让我厌倦,0.98324
于连,到无以复加,0.689124
于连,好无聊，好无聊，所有这些佳偶,0.000164628
于连,礼貌之下,0.983596
于连,毫不高贵,0.123584
于连,他们觉得要说话得体,0.631132
于连,不会跟我说他们的所思所想,0.0497559
于连,我的价值,1.0
于连,和我的付出对等吗？,0.0162788
于连,尽说些舞会的破事,0.0659673
于连,继续说啊，很有趣（此处为客套话）,0.988181
于连,我很清楚他们期望什么,0.665661
于连,在各种礼节的背后,0.942977
于连,啊，好无聊，好无聊，这些美丽的人儿,0.0694551
于连,他们爱我也让我厌倦,0.98324
于连,无以复加,0.200526
于连,好无聊，好无聊，这一对对佳偶,0.000195053
于连,只会客气,0.203517
于连,并不高贵,0.250409
于连,啊，好无聊，好无聊，这些优雅的人儿,0.00984697
于连,啊，好无聊，好无聊，这一对对佳偶,0.000515213
于连,啊，好无聊，好无聊，这些优雅的人儿,0.00984696
于连,他们爱我也让我厌倦,0.98324
于连,到无以复加,0.689124
于连,好无聊，好无聊，这一对对佳偶,0.000195053
于连,徒有其表,0.16893
于连,毫无激情,0.000212572
于连,拉穆尔侯爵：玛蒂尔德，你玩的开心吗？,0.161767
于连,你饶了我吧，像什么也不要像这些跟羽毛一样轻贱的人,0.000482761
于连,杰洛尼莫：棒极了，这语气都像巴黎人了，充满了讽刺，但我不相信你说的话，你还是梦想着能挤进这个大人物的圈子吧,0.790192
于连,一点也不我的心高高在上，他们小小的蔑视，或是恩惠，根本不能企及。不管你教会我多少种不同的上流鞠躬礼，还是怎么戴礼帽，对他们来说我永远都是个木匠的儿子！,0.000284686
于连,杰洛尼莫：没记错的话，耶稣也是木匠的儿子。这也就是为什么对于我们这种乡巴佬来说，宗教是踏入上流社会的唯一法门，身着黑色神符，是排上这个颓废又虚伪的社会阶梯的唯一途径。这样他们就能容忍我，把我当做拯救灵魂必不可少的仆人，,0.429974
于连,杰洛尼莫：这么高的精神使命真是鼓舞人心啊，对于一个神甫来说，你有颗太激昂的心，此多愁善感的灵魂更适合做一名艺术家,0.99977
于连,或是革命者,0.979058
于连,杰洛尼莫：你继续在此沉思吧！我看到一个落单的小仙女，必须去吸吸这仙气。,0.832885
于连,瓦勒诺：亲爱的小于连！见到你真高兴！这真是个流光溢彩的晚宴啊！你们瞧瞧，瞧瞧这短短的几个月他们把我们的小于连变成什么样了！变成个货真价实的花花公子了！真好啊！你肯定很想知道维利叶有什么新闻吧。德瑞纳先生发胖也不算什么新闻了。要是有点担心德瑞纳夫人你肯定还记得她吧，她陷入了深深的忧郁现在满心只有上帝了，这也上帝，那也上帝她的这份虔诚让人心生敬佩，但也让人心疼。我的猜测，她是不是犯了什么不可见人的罪孽，才让她变成这样你总归知道的比我清楚。毕竟你是神职人员真是很大的牺牲，让你这样的年轻人要承受这样的人情世故要多大的勇气从前在外省的时候，你就不受看重，在这里应该更毫无地位了吧。你脸色不太好，一定是巴黎的空气！我还是得让你受累，你将我引荐给侯爵之后，我就不烦你了,0.92833
于连,我深感荣幸，但我的身份实在微不足道，怎胆向您引见给任何人。我先退下了。,0.10139
于连,我们扪心自问未来是谁的天下,0.463952
于连,这世界难道已癫狂,0.705463
于连,你说的都对，我昨天还在说,0.913882
于连,意见一致最重要,0.805745
于连,见我所见,0.320394
于连,我们不该再软弱,0.00333225
于连,知我所知,0.111714
于连,是时候该行动了,0.820318
于连,满心疑问对于这些叛徒,0.276006
于连,对于这个狗眼看人低的小子,0.0021359
于连,你说的都对，我昨天还在说,0.913882
于连,和你一模一样的话,0.702777
于连,活我所活,0.898329
于连,到了严惩这些人的时候了,0.116177
于连,信我所信,0.98933
于连,完全没有思考的必要,0.000980115
于连,真是天大的悲剧，一切尽失,0.00051032
于连,从前的准则,0.834021
于连,再不通行,0.00326274
于连,尊重和道德,0.684961
于连,半点不剩,0.00122089
于连,只剩下罪恶的深渊,0.00422667
于连,以牙还牙以眼还眼,0.924054
于连,我们的责任感使然,0.990978
于连,不怕您笑，我正要说,0.978621
于连,这做法可一点都不刻薄,0.0148467
于连,想我所想,0.991356
于连,我们所言皆是真相,0.0906305
于连,感我所感,0.998605
于连,我们的诉求并非十恶不赦,0.166805
于连,真是天大的悲剧，一切尽失,0.00051032
于连,从前的准则,0.834021
于连,再不通行,0.00326274
于连,尊重和道德,0.684961
于连,半点不剩,0.00122089
于连,只剩下罪恶的深渊,0.00422667
于连,给您一些微笑的理由,0.388948
于连,我正准备向您说,0.988379
于连,见我所见,0.320394
于连,我们不该再软弱,0.00333225
于连,信我所信,0.98933
于连,完全没有思考的必要,0.000980114
于连,真是天大的悲剧，一切尽失,0.00051032
于连,从前的准则,0.834021
于连,真是可怕的世道,0.000577178
于连,真是可怕的世道，一切凋亡,0.0385008
于连,从前的价值分文不值,0.69502
于连,真是天大的悲剧，一切尽失,0.00051032
于连,从前的准则,0.834021
于连,真是可怕的世道,0.000577178
于连,尊重和道德,0.684961
于连,半点不剩,0.00122089
于连,只剩下罪恶的深渊,0.00422667
于连,一切尽失,1.0
于连,一切尽失,1.0
于连,尽失,0.00655933
于连,尽失,0.00655933
于连,瓦勒诺：这个粪坑里生出来的小毛头，等着瞧吧。我会把他踢回粪坑去的！很快！快到他不敢想象我还押上韵了。尊敬的侯爵先生，我是来自小城维利叶的穷人收容所所长。,0.807509
于连,拉穆尔侯爵：维利叶，一定是小于连的朋友吧！,0.356181
于连,瓦勒诺夫人：他可喜欢我们了我得向您提个不情之请，我们目前重修孤儿院差了好多钱，不得不来请求您慷慨解囊，让我们孤儿院的孩子们能够这些事就直接找我的秘书兼财务索雷尔先生吧。我一看到数字就头大。失陪了。,0.601257
于连,瓦勒诺：看到数字就头大？我看是钱多烧着了那就让我来排忧解难！,0.0762084
于连,小姐好！我能为您做些什么？,0.52337
于连,在这里,0.9711
于连,当然！我向您推荐拉风丹寓言,0.966408
于连,是不是太深刻了？,0.0064522
于连,你读过，你在服丧？,0.0101931
于连,他都死了300年了！那又如何？我要纪念他，每一年都要回顾他的事迹！,0.752942
于连,他就是因为背叛皇帝而被砍头的那个人吗？他更是个勇敢的楷模，一个英雄。也是那个时代最英俊的男子！,0.993004
于连,什么？,0.000952112
于连,拿破仑比不上？他让整个法兰西重获骄傲！玛蒂尔德：什么骄傲，他是个实实在在的自大狂小矮子。吃香喝辣，最后安地老死在自己的床上！于连·惨烈的死亡就能抬高人的身价？那你要是死了，是不是也更值钱？,0.0110047
于连,我祈求您的原谅。,0.809999
于连,她们把我当猎物吗,0.00234447
于连,不停盘旋在我身旁,0.703699
于连,她们到底要什么,0.0181076
于连,她们到底要什么,0.0181076
于连,要我服下剧毒吗,0.00173628
于连,这些蛇蝎美人,0.552935
于连,她们到底要什么,0.0181076
于连,她们到底要什么,0.0181076
于连,她们挑衅我的软弱,0.0285986
于连,残存的理智,0.545899
于连,放过我,0.483594
于连,放过我！,0.665247
于连,远离她们,0.00380808
于连,我的理想,0.992809
于连,飞得更高,0.935856
于连,飞得更高,0.935856
于连,远离她们,0.00380808
于连,我得已保命,0.0326081
于连,重新呼吸,0.980915
于连,重新呼吸,0.980915
于连,远离她们 远离她们,0.000751015
于连,要把我放在巢穴里吗？,0.00198496
于连,来填满她们的胃口,0.858486
于连,她们到底要什么,0.0181076
于连,她们到底要什么,0.0181076
于连,这些雌性败坏了,0.00156667
于连,动物世界的法则,0.971571
于连,她们到底要什么,0.0181076
于连,她们到底要什么,0.0181076
于连,她们的爱若即若离,0.992981
于连,不过是猎人的诡计,0.459622
于连,放过我,0.483594
于连,放过我,0.483594
于连,远离她们,0.00380808
于连,我的理想,0.992809
于连,飞得更高,0.935856
于连,飞得更高,0.935856
于连,远离她们,0.00380808
于连,我得已保命,0.0326081
于连,重新呼吸,0.980915
于连,重新呼吸,0.980915
于连,远离她们！,0.000566007
于连,呼吸 呼吸,0.995604
于连,远离她们 远离她们,0.000751015
于连,呼吸 呼吸,0.995604
于连,远离她们,0.00380808
于连,我的理想,0.992809
于连,远离她们,0.00380809
于连,我得以保命,0.162475
于连,远离她们,0.00380808
于连,我的理想,0.992809
于连,飞得更高,0.935856
于连,飞得更高,0.935856
于连,远离她们 远离她们,0.000751015
于连,没有你的房间很不错。,0.880679
于连,我没有颤抖，只不过打个寒颤。,0.0195992
于连,是啊，但这些霜寒之夜预示着一个繁盛的春天！,0.728049
于连,我以为...,0.00563583
于连,以为你对我...那这幽会！,0.012877
于连,我是你的谁,1.0
于连,你为何喜欢我,0.814572
于连,身体渴望着你,0.996044
于连,偏爱夜色动人,0.997993
于连,怎奈月色弄人,0.126825
于连,三人合唱：今日你爱我,0.975611
于连,明日却疏远,0.457237
于连,狂热转瞬成无情,0.0811589
于连,美梦落空添烦恼,0.417414
于连,我只向前这一步,0.690072
于连,告诉我 我们的爱,0.994901
于连,并非在坚持着一场虚无,0.160926
于连,告诉我 我们的爱,0.994901
于连,并非在诞生于这一场虚无,0.306333
于连,瓦勒诺：主啊，我做了什么啊？什么都是我的错！都是我的错！奥夫人，原来你也在这儿主啊，我该怎么办？于连真是个恶魔，都是我的错，让这条毒蛇能够钻进德拉莫侯爵府,0.0124952
于连,德瑞纳夫人？,0.026513
于连,我受不了了，要被他折磨死了！已经好几周了，上一秒他还朝我笑，下一秒又无视我，上一秒还一脸深情，下一秒又漠不关心我要疯了，我为他疯狂，却又被他戏弄,0.00384472
于连,杰洛尼莫：他戏弄你，那我们就陪他玩吧，我来教你怎么玩，你要当个诱惑者。,0.0121425
于连,诱惑？！只要玛蒂尔德一出现在我面前，我就变成块呆木头了！,0.0894227
于连,杰洛尼莫：谁让你去诱惑马蒂尔德了，你要去勾引元帅...夫人。元帅夫人？？勾引她干嘛？？要让拉莫尔小姐嫉妒的疯掉！听我的，你每天给她写两封长信。,0.00236201
于连,给她写信？写什么？我可没那本事，我连三句话都学不会,0.00031171
于连,杰洛尼莫：谁让你遣词造句了，你只需抄一抄即可，我柜子里有六大卷手信里面写的什么样女人的都有，最高贵的都有。,0.908969
于连,但要是她给我回信的话，我的答复也该言有所指。,0.0360733
于连,杰洛尼莫：别担心，这些手信充斥着华丽的词藻，模糊不清，旨意不明，她什么都看不懂，但又会由衷的钦佩你的行文。这儿有五十三封信，还按顺序编了号。其中前四十封都不过是在为你冒昧写信请求原谅。,0.871799
于连,杰罗尼莫：喜欢这一位，就先勾引哪一位,0.995243
于连,别因为是自己喜欢的人 就去为她摘月亮,0.957651
于连,这是巧夺天工的学问，这是摘花惹草的艺术,0.991169
于连,这是鬼迷心窍的游戏,0.865609
于连,要抱得美人归，就得厚颜无耻,0.00158882
于连,要一颗心为你颤动，就得让她为你梨花带雨,0.135441
于连,忽略她们嘴里说的，要王子骑着白马来,0.5652
于连,弄她个遍体鳞伤，她才会死心塌地,0.383874
于连,她要你往东，你偏走向西,0.269742
于连,她们想要场斗争，我们就一较高下,0.87324
于连,俘获芳心,0.997158
于连,是门大学问,0.554057
于连,要压抑男人的本能,0.225152
于连,逼自己心狠手辣,0.00799859
于连,俘获芳心,0.997158
于连,真是进退两难,0.00606981
于连,准备好倾其所有,0.959474
于连,还得不露锋芒,0.327891
于连,俘获芳心,0.997158
于连,就得阴险狡诈，装作不经意,0.0141098
于连,丢下口袋里的手帕,0.192389
于连,日夜厮守，却夜夜消失,0.534918
于连,让她在心中编个故事，故事里的你却心不在焉,0.00119862
于连,她要往南走，你偏转向北,0.857517
于连,让她要的一切，都触不可及,0.571427
于连,要她臣服于你,0.476606
于连,就得手段肮脏,2.74085e-05
于连,要压抑男人的本能,0.225152
于连,逼自己心狠手辣,0.00799859
于连,要她节节败退,0.464829
于连,就得挺直腰板,0.431057
于连,要一颗心为你颤动,0.205232
于连,就得让她梨花带雨,0.0167519
于连,俘获芳心,0.997158
于连,俘获芳心,0.997158
于连,她要你往东，你偏走向西,0.269742
于连,她们想要场斗争，我们就一较高下,0.87324
于连,要她臣服于你,0.476606
于连,就得手段肮脏,2.74085e-05
于连,要压抑男人的本能,0.225152
于连,逼自己心狠手辣,0.00799859
于连,要她节节败退,0.464829
于连,就得挺直腰板,0.431057
于连,准备好倾其所有,0.959474
于连,还得不露锋芒,0.327891
于连,要抱得美人归,0.834572
于连,就得厚颜无耻,0.000119398
于连,弄她个遍体鳞伤,0.1603
于连,她才会死心塌地，才抱得美人归,0.696959
于连,她才会死心塌地，才抱得美人归,0.696959
于连,就得厚颜无耻,0.000119397
于连,告诉她曲终人散,0.871586
于连,她就乖乖躺上你的床,0.163356
于连,俘获芳心,0.997158
于连,元帅夫人！玛蒂尔德！玛蒂尔德！,0.915151
于连,你有什么想对我说吗？我希望没什么事情让您烦恼,0.00263352
于连,她是个让人敬仰的女人，不论是品行还是思想都非常高贵但我不知道她对我是什么感觉。我能像朋友一样向您倾诉吗？,0.473357
于连,怎么会，不！我怎么会忘了你？我只是去追求更深沉，更平静的感情了。你觉得我有没有机会玛蒂尔德：不！可是我爱你呀！,0.278181
于连,你爱我，你爱我，我真是受宠若惊，但你会忘掉的！,0.980498
于连,你今天爱我，可明天呢？,0.744925
于连,我需要考虑一下,0.254326
于连,我的确爱你,0.999724
于连,我怎么能确保你不再变心呢？,0.00235041
于连,恩？恩，很好，就听你的。,0.981983
于连,玛蒂尔德，你花了多少钱？！,0.00314749
于连,一场只有一个受害者，却万劫不复的战争。,0.0104368
于连,她还活着？玛蒂尔德？,0.000342783
于连,露易丝死了，世界崩塌，而露易丝活着，是爱情在对我谴责,0.126392
于连,法官：现在请辩方发言，有请,0.206104
于连,请您允许我来为自己辩护,0.234496
于连,法官：那就请吧,0.0967385
于连,法官大人，各位陪审团成员，我侵害了一位尊贵女士的生命，对我来说德瑞纳夫人就像母亲一样，我的罪行是极其恶劣的，并且早有预谋。我罪有应得，死不足惜。我的罪孽不止这一重，罪在野心勃勃，罪在痴心妄想，罪在妄想改变命运，成为我永远无法企及的人，罪在出身贫穷，先生们！这是我最大的罪孽，这罪孽一定会被严审，毕竟在座的陪审员一个农民出身都没有，尽是些卑鄙的小资产阶级，就、恨透了我这个出身卑微的年轻人，误以为肚子里有点墨水就可以混迹于你们这些富人引以为傲的…社会,0.00189595
于连,法官：法庭邀请陪审团团长，维利叶市长瓦勒诺男爵,0.840374
于连,瓦勒诺：法官大人，处于道德和良心，陪审团宣判于连索雷尔涉嫌谋杀未遂，罪名成立。,0.289287
于连,法官：于连索雷尔先生，您被判处死刑，你会在格雷夫广场被砍头，三日后八时行刑,0.863524
于连,你原谅了我可耻的罪行吗？,0.000882013
于连,你原谅了我，我明天就可以赴死了。你这是在恨我，我爱你超过一切，超过我的生命,0.999236
于连,我活着啊！我终于能活着了！露易丝，我们之间没有未来，我也不想要未来了，我情愿用未来换我们的现在。在此刻，与你在一起，一切痛苦都值得,0.986199
于连,曲终人散 但我在今天,0.855436
于连,重获新生,0.997358
于连,宣判惩罚,0.147715
于连,为我打开天空之门,0.819726
于连,天空之门,1.0
于连,我祈祷在无尽的深夜里,0.965787
于连,你的身影慢慢消逝,0.906757
于连,这永恒的分离,0.814219
于连,让我们展翅高飞,0.928585
于连,展翅高飞,0.966372
于连,情感纷繁复杂,0.974808
于连,只想拥抱悲伤,0.129617
于连,躲开那些玫瑰,0.988566
于连,躲开那些玫瑰,0.988566
于连,不要繁花 不要伪装,0.0269381
于连,不要死亡 将你我分离,0.00319568
于连,为无惧的爱情赴死,0.986614
于连,躲开那些玫瑰,0.988566
于连,躲开那些玫瑰,0.988566
于连,不要繁花 不要伪装,0.0269381
于连,用热血书写我们的故事,0.994228
于连,从不轻言放弃,0.0592118
于连,躲开那些玫瑰,0.988566
于连,躲开那些玫瑰,0.988566
于连,在这最后一晚 我看见,0.96412
于连,色彩缤纷,0.999417
于连,你带来幸福,0.998669
于连,让我虽死犹生,0.869505
于连,虽死犹生,1.0
于连,我也期待 即将看到,0.997213
于连,这色彩缤纷,0.989036
于连,心被你带走,0.983696
于连,让我虽死犹生,0.869505
于连,虽死犹生,1.0
于连,身体日渐消逝,0.990651
于连,激情永恒镌刻,0.998425
于连,躲开那些玫瑰,0.988566
于连,躲开那些玫瑰,0.988566
于连,不要繁花 不要伪装,0.0269381
于连,不要死亡 将你我分离,0.00319568
于连,为无惧的爱情赴死,0.986614
于连,躲开那些玫瑰,0.988566
于连,躲开那些玫瑰,0.988566
于连,不要繁花 不要伪装,0.0269381
于连,用热血书写我们的故事,0.994228
于连,从不轻言放弃,0.0592118
于连,躲开那些玫瑰,0.988566
于连,躲开那些玫瑰,0.988566
于连,不要繁花 不要伪装,0.0269381
于连,不要死亡 将你我分离,0.00319568
于连,为无惧的爱情赴死,0.986614
于连,躲开那些玫瑰,0.988566
于连,躲开那些玫瑰,0.988566
德瑞纳夫人,不行，我不同意。,0.000471404
德瑞纳夫人,德瑞纳先生：别再说了，这件事就这么定了。让自己的夫人亲自抚养孩子，这不符合我的身份地位。我们需要一个出色的教授，这是为了孩子好。,0.670491
德瑞纳夫人,把孩子丢给那些尖酸刻薄的老教授，动不动为了拼错个单词就要打骂责罚，这对孩子有什么好？,0.000231504
德瑞纳夫人,德瑞纳先生：你真是会瞎想。满脑子都是孩子，把你累坏了吧？你太溺爱他们了。想想看那个暴发户瓦勒诺要是知道了我们有个出色的家庭教师，会是什么反应！,0.00200691
德瑞纳夫人,家庭教师……,0.792709
德瑞纳夫人,德瑞纳先生：当然是家庭教师。爱丽莎？他应该快到了，瓦勒诺一家正好来了。我求你好好欢迎一下他们。,0.92185
德瑞纳夫人,瓦勒诺：市长先生好。,0.977261
德瑞纳夫人,德瑞纳先生：瓦勒诺先生好。,0.945241
德瑞纳夫人,瓦勒诺：德瑞纳夫人好。,0.918223
德瑞纳夫人,德瑞纳先生：瓦勒诺夫人好，德尔万夫人好。,0.941903
德瑞纳夫人,瓦勒诺：市长先生，您的夫人真是越发容光焕发了。,0.986633
德瑞纳夫人,德瑞纳先生：您的夫人也是日益光彩照人。对了，这是哪来的小混混？喂，你！肯定又是个想来泡我家女仆的小流氓，我一看就知道，你等着。你找谁？,0.000495193
德瑞纳夫人,容忍那些孩子，不要禁止他们来……,0.0109562
德瑞纳夫人,爱丽莎？,0.0120951
德瑞纳夫人,爱丽莎：嗯...,0.658489
德瑞纳夫人,爱丽莎？,0.0120951
德瑞纳夫人,爱丽莎：什么？噢！对不起夫人，对不起夫人。,0.00845345
德瑞纳夫人,你还在想着那个人是吗？,0.0192248
德瑞纳夫人,爱丽莎：谁？噢，你说他呀？怎么可能！他看都没看过我一眼。,0.00297294
德瑞纳夫人,我觉得于连心不在焉，懵懵懂懂的，一直沉浸在自己的世界里，可能你要表现得更明显一点。,0.60447
德瑞纳夫人,爱丽莎：还怎么明显？我都对他笑脸逢迎、低头顺眉好久了，可连半句话都说不上，他什么反应都没有。难不成要我露着大腿，把我的嫁妆绑在腿上他才明白？对不起，我失礼了。,0.000326467
德瑞纳夫人,我帮你跟他说。,0.834965
德瑞纳夫人,爱丽莎：哦，太感谢您了！,0.909126
德瑞纳夫人,这件事很简单，于连跟你年纪相仿、家境相似，身体健康，又在同一个屋檐下工作，我想不出他不要你的理由。,0.51657
德瑞纳夫人,爱丽莎：确实...除非他爱着别人？,0.12516
德瑞纳夫人,爱丽莎，别轻易说爱不爱的，我们又不是活在小说里。,0.424571
德瑞纳夫人,爱丽莎：好吧。,0.386856
德瑞纳夫人,是时候 静等待 悉心描绘,0.996063
德瑞纳夫人,妆点着 准备着 这是命运,0.972948
德瑞纳夫人,结连理 做选择 合为一体,0.968082
德瑞纳夫人,被俘虏 被诱惑 却更哀求,0.485708
德瑞纳夫人,那魔鬼 这毒药 吞噬你我,0.00398479
德瑞纳夫人,被罚入地狱的永恒之火,0.0306269
德瑞纳夫人,我为期望中的孩子们妥协,0.580313
德瑞纳夫人,早已将丈夫预先视作父亲,0.332051
德瑞纳夫人,我愿献出生命只为与他在一起,0.998286
德瑞纳夫人,看这我的乐园,0.740828
德瑞纳夫人,谓我心底的时钟为何？,0.103125
德瑞纳夫人,你所见是激情或理智？,0.00233078
德瑞纳夫人,心脏可按节拍跳动？,0.118954
德瑞纳夫人,但这腹中所孕育为何？,0.0155193
德瑞纳夫人,强大过我们 掌控世界,0.999651
德瑞纳夫人,钟声所奏可是幸福？,0.836559
德瑞纳夫人,爱人啊 这小说 我正猜想,0.998792
德瑞纳夫人,看自己 正沉沦 一同想象,0.748402
德瑞纳夫人,为渴望 所倾覆 于无边梦中,0.996223
德瑞纳夫人,朋友啊 我一定 费心完成,0.563409
德瑞纳夫人,这约定 于你我 无比珍贵,0.995837
德瑞纳夫人,我愿信 这责任 已是承诺,0.960327
德瑞纳夫人,我早已对占据我的魔鬼臣服,0.629009
德瑞纳夫人,哦我主 是那美德使我战胜,0.978887
德瑞纳夫人,但这能否带我们逃脱同一悲剧,0.118733
德瑞纳夫人,由那时间预见,0.960601
德瑞纳夫人,谓我心底的时钟为何？,0.103125
德瑞纳夫人,你所见是激情或理智？,0.00233078
德瑞纳夫人,心脏可按节拍跳动？,0.118954
德瑞纳夫人,但这腹中所孕育为何？,0.0155193
德瑞纳夫人,强大过我们 掌控世界,0.999651
德瑞纳夫人,钟声所奏可是幸福？,0.836559
德瑞纳夫人,主啊 宽宥我们的过错,0.905554
德瑞纳夫人,解放我们出苦难,0.817816
德瑞纳夫人,自女人的试炼之中,0.981454
德瑞纳夫人,我怕 不顾一切的放纵,0.824601
德瑞纳夫人,震颤我身 再次沦陷,0.953034
德瑞纳夫人,在这虚假乐园,0.000439442
德瑞纳夫人,在这虚假乐园……,0.000255876
德瑞纳夫人,谓我心底的时钟为何？叮,0.10551
德瑞纳夫人,你所见是激情或理智？,0.00233078
德瑞纳夫人,心脏可按节拍跳动？,0.118954
德瑞纳夫人,但这腹中所孕育为何？,0.0155193
德瑞纳夫人,强大过我们 掌控世界,0.999651
德瑞纳夫人,钟声所奏可是幸福？,0.836559
德瑞纳夫人,于连？,0.0106936
德瑞纳夫人,我有事找你谈，借一步说话好吗？今天天气真不错...孩子们今天早上乖不乖？,0.433284
德瑞纳夫人,那就好。我希望你没斥责他们吧？,0.0150535
德瑞纳夫人,那就好，你真是很会带孩子。我刚还跟爱丽莎说呢，说你肯定会是一个好父亲，她很赞同我的说法，她也很会和小孩相处。哎，这个爱丽莎还是很不错的，烧得一手好菜，做得一手漂亮衣服，我这条裙子就是她给我做的。不知道多有福气的人才能娶到她。你知道爱丽莎非常敬重你吗？我很喜欢她，你呢？你觉得她怎么样？,0.984263
德瑞纳夫人,你的使命？,0.009659
德瑞纳夫人,你要当教士？,0.00306721
德瑞纳夫人,啊，好吧，这很好，我明白，我敬佩你的选择。可怜的爱丽莎，她要伤心了。不过没关系，你是对的，如果这是你的使命，那这就是最好的选择。以你的学识和记忆力，你肯定能成为一个很好的教士。,0.998295
德瑞纳夫人,于连？,0.0106936
德瑞纳夫人,你的像章里藏的是谁的肖像？,0.0297961
德瑞纳夫人,别活在 他人的眼中,0.421702
德瑞纳夫人,每一步 该安守本分,0.973096
德瑞纳夫人,最重要的是,0.915664
德瑞纳夫人,我对你忠贞不渝,0.875408
德瑞纳夫人,德瑞纳先生/瑞那夫人：我们的诺言 不能忘却,0.915701
德瑞纳夫人,虚无的情感 不要放纵,0.655784
德瑞纳夫人,以上天之名,0.803255
德瑞纳夫人,我对你忠贞不渝,0.875408
德瑞纳夫人,不假思索 说我愿意,0.941207
德瑞纳夫人,不论未来 是祸是福,0.691127
德瑞纳夫人,携手努力 为琴瑟和鸣,0.9874
德瑞纳夫人,自我欺骗 也不为不可,0.000259011
德瑞纳夫人,德瑞纳先生：穿金又带银 大权在握,0.973019
德瑞纳夫人,奉承又讨好 收买人心,0.870072
德瑞纳夫人,华服白手套,0.883577
德瑞纳夫人,地位相当的朋友,0.982466
德瑞纳夫人,股票和债券,0.616609
德瑞纳夫人,一个都不能少,0.953465
德瑞纳夫人,不该丢弃 珍贵的感情,0.0134637
德瑞纳夫人,日夜祈祷 今日到永恒,0.984097
德瑞纳夫人,小心翼翼 乐于服务,0.57489
德瑞纳夫人,我们可敬的同盟,0.93782
德瑞纳夫人,永不违抗誓言,0.553793
德瑞纳夫人,为孩子全力以赴,0.962591
德瑞纳夫人,德瑞纳先生/瑞那夫人：保持希望,0.986463
德瑞纳夫人,我们永不分离,0.953851
德瑞纳夫人,不假思索 说我愿意,0.941207
德瑞纳夫人,不论未来 是祸是福,0.691127
德瑞纳夫人,携手努力 为琴瑟和鸣,0.9874
德瑞纳夫人,自我欺骗 也不为不可,0.000259011
德瑞纳夫人,彼此真诚,0.999671
德瑞纳夫人,对婚姻 对生意,0.475007
德瑞纳夫人,脱帽微笑,0.959656
德瑞纳夫人,不犯错 不让步,0.0688548
德瑞纳夫人,一丝不苟 远见卓识,0.789387
德瑞纳夫人,小心谨慎 秉直公正,0.497786
德瑞纳夫人,好士兵 卫道士,0.94191
德瑞纳夫人,互相扶持,0.978476
德瑞纳夫人,永远关心,0.996084
德瑞纳夫人,那最重要的事,0.849153
德瑞纳夫人,不假思索 说我愿意,0.941207
德瑞纳夫人,不论未来 是祸是福,0.691127
德瑞纳夫人,德瑞纳先生：露易丝？露易丝？,0.0781554
德瑞纳夫人,是，我的朋友。,0.616861
德瑞纳夫人,德瑞纳先生：你的神色真的不太好。,0.0804889
德瑞纳夫人,稍微有些头痛，肯定是太阳晒的。,0.00656582
德瑞纳夫人,德瑞纳先生：女人真是个复杂的机器，总有些部件出问题。爱丽莎？,0.0679807
德瑞纳夫人,爱丽莎：先生？,0.35824
德瑞纳夫人,德瑞纳先生：于连，你这个样子是要去哪呀？,0.041109
德瑞纳夫人,我们要去树荫下喝一杯。,0.910752
德瑞纳夫人,爱丽莎：好的，先生。,0.981688
德瑞纳夫人,于连？出什么事了？你在这干什么？,5.93007e-06
德瑞纳夫人,嘘！别说了！放开我！你疯了吗？,0.000472178
德瑞纳夫人,快点离开，于连，快点离开！,0.513631
德瑞纳夫人,快走！否则我要叫我丈夫了。于连？于连？,0.000915711
德瑞纳夫人,你的像章里到底藏着谁的肖像画？,0.0943659
德瑞纳夫人,天啊，你快躲起来。,0.565322
德瑞纳夫人,德瑞纳先生：露易丝？,0.153778
德瑞纳夫人,我来了。,0.92399
德瑞纳夫人,德瑞纳先生：你把自己关起来干嘛？,0.00406601
德瑞纳夫人,我……,0.534569
德瑞纳夫人,德瑞纳先生：你怎么了？,0.00973581
德瑞纳夫人,我有点头痛。,0.0144341
德瑞纳夫人,德瑞纳先生：头痛…女人真是复杂的机器。你还没更衣打扮？露易丝！我们要迟到了。,0.00248761
德瑞纳夫人,迟到？,0.0136237
德瑞纳夫人,德瑞纳先生：我们要去瓦勒诺家参加晚宴！你快点吧，维利叶的市长应该守时。你知道那个小于连在哪吗？,0.159759
德瑞纳夫人,小…不知道。,0.0115913
德瑞纳夫人,德瑞纳先生：这次瓦勒诺又叫我们带着他去…我有时候感觉他们就是要邀请他去表演“猴戏”，拿腔拿调地咿呀呜啦，而我才是跟班。但我也有聪明才智啊。我给你讲个我刚学会的笑话：“将军夫人濒死之时，将军温柔地握着她的手。她说：‘亲爱的，我离世之前不得不跟你坦白，我在婚姻中曾出轨两次。’‘两次？’她丈夫说，‘这没什么大不了！是跟谁？’夫人回答：‘第一次是跟你的医生，第二次是跟你的整个炮兵团！’”于连？于连？,0.29575
德瑞纳夫人,瓦勒诺：朋友们，请跟我来，我们去用餐吧。,0.816773
德瑞纳夫人,德瑞纳先生：露易丝，你快点！,0.865164
德瑞纳夫人,瓦勒诺：亲爱的小于连，我们都很想你啊！能不能给大家背几段圣经呀？要用拉丁文哦！,0.939764
德瑞纳夫人,瓦勒诺夫人：是啊！来吧！背拉丁文！,0.415533
德瑞纳夫人,对不起，我有点头痛。,0.00219214
德瑞纳夫人,瓦勒诺：亲爱的夫人，那您去透透气吧。如果您想稍事歇息，旁边有个蓬巴杜厅，是照着真迹复制的，我陪您去。,0.862396
德瑞纳夫人,不用了，谢谢。,0.992755
德瑞纳夫人,德瑞纳先生：女人啊！哎，我说到哪了？哦对！一个将军，正临死...,0.033216
德瑞纳夫人,我恳请你们原谅我，我头实在是痛！,0.00520854
德瑞纳夫人,德瑞纳先生：怎么还像传染病一样！一个将军，正临死...不不不，反过来，他的夫人正在临死...,0.0078895
德瑞纳夫人,瓦勒诺：夫人，您看起来有些不安。希望今晚我没说什么、做什么让您不开心的事，如果是我的错，我恳请您原谅我。您看起来很困扰，不知道我能做些什么，要知道您可以信任我，把我当作朋友...,0.409019
德瑞纳夫人,谢谢您了。我没什么，只不过...我想是因为我的胸衣有点紧了。,0.62983
德瑞纳夫人,瓦勒诺：我可以帮您松开一些，这样您就能呼吸顺畅了。啊，露易丝，您让我疯狂。,0.95643
德瑞纳夫人,别人：尊敬的市长先生，我带着沉痛的心情告诉您这个消息：您的夫人跟于连・索雷尔有私情，就在您自己的屋檐下！我希望您能理智看待这件事，尽管它如此荒唐，而您又身处其中。我的消息来源非常可靠。,0.974421
德瑞纳夫人,德瑞纳先生：豪宅大庄园，仆人成群！啊，爱丽莎，我看起来怎么样？这是新的市长绶带。爱丽莎？,0.493832
德瑞纳夫人,爱丽莎：在，先生？,0.506859
德瑞纳夫人,德瑞纳先生：去把德瑞纳夫人找来，立刻去！她怎么可能...露易丝，居然跟个农夫的儿子...我要赶走他们！我要把他们俩都赶走，像赶...我要赶走他们！我要把他们俩都赶走，像赶...哦，不行，如果他们一起逃走，报纸上又要议论个没完了！保持冷静，我要杀了她！我的名誉不会受损，法律也会站在我这边，但她姨妈的遗产怎么办？就快到手了！她要是就这么死了就好了！她怎么能对我做出这种事？她跟我在一起什么都不缺，我不懂！等着瞧吧！他们等着瞧吧！我不会任这脏水泼到我身上！我要让他们瞧瞧我是谁！这就是问题所在！,1.1793e-05
德瑞纳夫人,我谦卑地承认,0.437436
德瑞纳夫人,为了权势恩惠,0.449386
德瑞纳夫人,我装模作样,0.0650854
德瑞纳夫人,表面善交,0.609294
德瑞纳夫人,内心不齿,0.742141
德瑞纳夫人,口是心非,0.552234
德瑞纳夫人,虚伪做作 却受益匪浅,0.79012
德瑞纳夫人,哗众取宠 但充满真诚,0.972326
德瑞纳夫人,微笑不语,0.00725281
德瑞纳夫人,闷声发你们的大财,0.00236392
德瑞纳夫人,小道消息,0.655031
德瑞纳夫人,也能卖出价值连城,0.583616
德瑞纳夫人,仁义道德,0.391263
德瑞纳夫人,让你们迷失,0.0519989
德瑞纳夫人,背信弃义,0.494663
德瑞纳夫人,成就我的非凡,0.99907
德瑞纳夫人,我是懦夫 又怎样?,0.0023208
德瑞纳夫人,你看不见时,0.053529
德瑞纳夫人,我默默强大,0.999467
德瑞纳夫人,权谋是我的天赋异禀,0.915876
德瑞纳夫人,是 我是懦夫,0.30389
德瑞纳夫人,被无尽的悔恨吞噬,0.0635958
德瑞纳夫人,我才不要立什么牌坊,0.0114353
德瑞纳夫人,只要微笑着跟随欲望,0.99044
德瑞纳夫人,我已沉沦,0.0380865
德瑞纳夫人,走进无尽财富的天堂 / 在无尽财富的天堂,0.999835
德瑞纳夫人,狼吞虎咽,0.926014
德瑞纳夫人,你要我怎么改变,0.0139013
德瑞纳夫人,习惯了旁门左道,0.614147
德瑞纳夫人,说谎更不假思索,0.155391
德瑞纳夫人,德瑞纳先生：露易丝...露易丝,0.787149
德瑞纳夫人,你叫我？,0.00137719
德瑞纳夫人,德瑞纳先生：拿去！自己看！,0.511221
德瑞纳夫人,厚颜无耻！立刻把于连索雷尔给我叫过来！他怎么敢！这农夫的儿子！不知天高地厚！竟敢诽谤我这样的女人！,1.8507e-05
德瑞纳夫人,德瑞纳先生：你,0.935
德瑞纳夫人,你别说了，我什么都不想听！有人要毁了我的名誉，你的名誉也要受损的！我早就告诉过你了！我们要什么家庭教师！不过是个到处吹嘘自己勾引市长夫人的无赖！他以为自己是谁？我要你马上把他送回他的田野里去。你要果断点啊！我们不能让这种老鼠屎坏了我们的粥。您来啦。索雷尔先生，我们不得已要跟您分别了。其中缘由我想您自己清楚。今天早上就请您收拾您的物品，我不想再见到您。永远也不要。快点！让我们摆脱这个...农夫。我不想再忍受她了。快点！把他的工钱结了。这个月的都给他！,8.27626e-06
德瑞纳夫人,德瑞纳先生：但...,0.39222
德瑞纳夫人,别让他有理由说我们小气。结了他的工钱，送他回农场。等等...不！恰恰相反，别再给他机会玷污你的名声。应该把他送的远远的。要么送去巴黎吧。拉莫尔侯爵不是正在找秘书吗？那就把他推荐去当秘书吧！这样我们就能避免这桩对你的诽谤了！去吧！现在让我一个人待一会！于连...于连。,2.63724e-05
德瑞纳夫人,热情已经消散,0.985538
德瑞纳夫人,仇恨尚在雏形,0.0633633
德瑞纳夫人,承诺都被抹去,0.00640744
德瑞纳夫人,誓言渐渐淡去,0.688224
德瑞纳夫人,心间疼痛消散,0.968976
德瑞纳夫人,天上没有一丝光亮,0.147093
德瑞纳夫人,消逝的光辉,0.99507
德瑞纳夫人,强加的虚饰,0.964526
德瑞纳夫人,暴露于欲望之下,0.167719
德瑞纳夫人,时间抨击着,0.336447
德瑞纳夫人,被撕裂的伪装,0.0311596
德瑞纳夫人,背叛的思想变得模糊不清,0.00698853
德瑞纳夫人,随意弄错的梦,0.512198
德瑞纳夫人,尚未筑成,0.237663
德瑞纳夫人,漆黑中我看到一抹艳红,0.932506
德瑞纳夫人,痛苦如此难熬,0.00212449
德瑞纳夫人,当阴影接踵而来,0.00168082
德瑞纳夫人,残酷鄙俗中我看到了希望与激情,0.958481
德瑞纳夫人,抹掉使我,0.373826
德瑞纳夫人,狂怒的侮辱,0.0161294
德瑞纳夫人,你形象的明暗对比,0.326872
德瑞纳夫人,是构图的不公,0.344469
德瑞纳夫人,我们的清晨,0.993177
德瑞纳夫人,在没有未来的黑夜中降临,0.701312
德瑞纳夫人,褪色的画面,0.916998
德瑞纳夫人,在博物馆将我吞噬,0.60548
德瑞纳夫人,悔恨萦绕浸没我周身,0.715351
德瑞纳夫人,残酷鄙俗中我看到了希望与激情,0.958481
德瑞纳夫人,痛苦如此难熬,0.0021245
德瑞纳夫人,当阴影接踵而来,0.00168082
德瑞纳夫人,残酷鄙俗中我看到了希望与激情,0.958481
德瑞纳夫人,抹掉使我,0.373825
德瑞纳夫人,狂怒的侮辱,0.0161294
德瑞纳夫人,热情已经消散,0.985538
德瑞纳夫人,仇恨尚在雏形,0.0633633
德瑞纳夫人,强加的虚饰,0.964526
德瑞纳夫人,暴露于欲望之下,0.167719
德瑞纳夫人,时间抨击着,0.336447
德瑞纳夫人,被撕裂的伪装,0.0311596
德瑞纳夫人,热情已经消散,0.985538
德瑞纳夫人,仇恨尚在雏形,0.0633633
德瑞纳夫人,承诺都被抹去,0.00640744
德瑞纳夫人,誓言渐渐淡去,0.688224
德瑞纳夫人,强加的虚饰,0.964526
德瑞纳夫人,暴露于欲望之下,0.167719
德瑞纳夫人,时间抨击着,0.336447
德瑞纳夫人,被撕裂的伪装,0.0311596
德瑞纳夫人,残酷鄙俗中我看到了希望与激情,0.958481
德瑞纳夫人,痛苦如此难熬,0.0021245
德瑞纳夫人,当阴影接踵而来,0.00168082
德瑞纳夫人,漆黑中我看到一抹艳红,0.932505
德瑞纳夫人,忘掉背叛,0.548412
德瑞纳夫人,我激情的色彩,0.999055
德瑞纳夫人,在暗夜中耀眼,0.986753
德瑞纳夫人,你要我怎么改变,0.0139013
德瑞纳夫人,习惯了旁门左道,0.614147
德瑞纳夫人,说谎更不假思索,0.155391
德瑞纳夫人,然而我感到汹涌袭来的爱,0.46316
德瑞纳夫人,别告诉我,0.654412
德瑞纳夫人,这份爱只因你不在,0.674741
德瑞纳夫人,别告诉我,0.654412
德瑞纳夫人,这一切只是海市蜃楼,0.983977
德瑞纳夫人,今日我爱你,0.999426
德瑞纳夫人,情不知何起,0.0682032
德瑞纳夫人,我已一往情深,0.983696
德瑞纳夫人,如若不爱我,0.0154752
德瑞纳夫人,你的心为谁而跳,0.430816
德瑞纳夫人,三人合唱：阴晴不定,0.965046
德瑞纳夫人,是爱情本来的面目,0.986789
德瑞纳夫人,当你拥抱着我,0.940302
德瑞纳夫人,我已开始厌倦,0.500835
德瑞纳夫人,爱到不知所措,0.999769
德瑞纳夫人,即使想逃,0.203875
德瑞纳夫人,还是躲不开这份爱,0.0444516
德瑞纳夫人,于连？,0.0106936
德瑞纳夫人,瓦勒诺夫人，您要是知道...我又怎能料到呢？把我们都给利用了！,0.00174074
德瑞纳夫人,您在说些什么？他做了什么？,0.00106779
德瑞纳夫人,瓦勒诺：我不想让这种龌龊事脏了您的耳朵。,0.00178696
德瑞纳夫人,告诉我吧，我要知道。,0.314956
德瑞纳夫人,瓦勒诺：不说好像也不好！于连，就快把拉莫尔侯爵给毁了。还扮出一副无辜的样子，披上所谓宗教使命的羊皮，操纵这个毫无戒心的贵族侯爵视他为忠心的仆人而他呢，早把侯爵玩弄于鼓掌之间骗到了他的亲闺女，还要把他的财产洗劫一空呢！,1.12488e-05
德瑞纳夫人,于连？这绝对不可能。,0.000229002
德瑞纳夫人,瓦勒诺：这可是于连亲口所言，在侯爵府的宴会上，我低声下气的向他讨几个钱来救济穷人他全都承认了，在灌了几杯香槟之后还带着轻蔑的笑。我目瞪口呆，他还边嘲笑边吹着牛，说他曾经勾引过您您啊，露易丝！我听不得这种荒唐事，当场就把手套甩过去了。,0.00176536
德瑞纳夫人,于连！,0.765224
德瑞纳夫人,抱歉。,0.0562807
德瑞纳夫人,杰洛尼莫：振作起来，我的朋友！你知道的，在巴黎，大家欣赏的是高冷的姿态，而不是忧郁的气质。,0.9406
德瑞纳夫人,"侯爵先生，处于神圣的宗教信仰以及道德义务，我必须忍痛告诉您，,于连-索雷尔先生是一个毫无宗教准则的人，他成功的手段，就是勾引一家中最有影响力的女人，披着不问世事的羊皮，念上几句拉丁语，他唯一的野心其实就是摆布一家之主，得到他的财富。",0.985604
德瑞纳夫人,于连，我来是为了请求你上诉,0.0958588
德瑞纳夫人,原谅你？明明我才是罪人。我被人骗了，于连，我被利用了。对不起，请原谅我！,2.61637e-05
德瑞纳夫人,那你就必须活着！,0.00761222
玛蒂尔德,父亲，我真是开心死了，再开心一点点都不行了你可是这场舞会最耀眼的珍珠。那些风流绅士都拜倒在你的石榴裙下了准确的说，每个人都想把我别在胸前当漂亮首饰。他们就差拿个放大镜来看看我到底值多少钱了！,0.83085
玛蒂尔德,拉穆尔侯爵：啊呀玛蒂尔德！这些年轻人中还是有身价的完全配得上你。那个年轻的夸泽诺侯爵，不是挺迷人的吗？,0.358548
玛蒂尔德,迷人是不错，可他嘴里一切都是迷人的，有趣的，可爱的。听了几分钟以后，我就感觉塞了好多棉花糖，特别想吐！,0.942971
玛蒂尔德,拉穆尔侯爵：卡鲁斯男爵呢？,0.0418958
玛蒂尔德,也不错啊。可幸好天气变化无常。时而晴天，时而下雨，时而刮风不然我们可就没什么话可聊啦真没劲，真没劲，这些先生殷勤不断却了然无趣，真没劲，真没劲，这些良夫贤婿金玉其外，但是却败絮其中,0.0637563
玛蒂尔德,拉穆尔侯爵：我的乖女儿啊，别这么倔强，以你的聪明才智，足以启发你未来的丈夫，也让你的优雅独自凋谢。你知道我期待着你婚姻美满，快去在这些贵族小伙子里挑个丈夫吧，也好让我开心开心！,0.999092
玛蒂尔德,为什么要对贵族身份如此重视呢？明明您自己当着他们的面还打哈欠，父亲你就承认了吧，也就是在那个毫无地位的小秘书陪着你的时候，我才看到您发自真心的一笑，虽然他根本都不好笑,6.01138e-05
玛蒂尔德,拉穆尔侯爵：玛蒂尔德，我不喜欢你这般愤世嫉俗于连并不是个外向的孩子，但是他,0.382098
玛蒂尔德,父亲，你是在说那个不入流的小秘书吗？,0.000390889
玛蒂尔德,拉穆尔侯爵：于连索雷尔是个十分杰出的小伙子，不该受到你这样轻蔑的鄙夷，过去这四个月真是在生意上帮了大忙，他非常聪明，兢兢业业，还有很强的求知欲，他对我的藏书阁也异常的看重,0.980873
玛蒂尔德,他看起来确实很严肃，甚至可以说冷若冰霜。,0.96076
玛蒂尔德,拉穆尔侯爵：他是个很敏感的人。压抑着他的叛逆又激烈的秉性，我觉得他很有意思，但有时也有些怕他身上有些特质会冒犯到大家。,0.895438
玛蒂尔德,你对他如此另眼相看，要不我嫁给他好了,0.00140074
玛蒂尔德,拉穆尔侯爵：我的女儿会成为侯爵夫人，公爵夫人，要么是男爵夫人。谁要是去追求这个男孩子，我佩服他的勇气，他对于女性有种近乎厌恶的冷淡，这也就能解释他的宗教使命，你看他跟杰洛尼莫在那边真是强烈的对比：阴暗和光明。他们聊的挺投缘的，能聊什么？于连平时都挺沉默的。你别在这听你的老父亲啰嗦了，快去尽情玩吧！去吧！去吧！,0.117242
玛蒂尔德,杰洛尼莫：我的好兄弟，让我把你变成一个花花公子吧，你天然有种忧郁的气质，这可是所有巴黎人拼命想要的,0.897277
玛蒂尔德,先生您好！,0.9958
玛蒂尔德,我找不到维利写的法国诗了。,0.39132
玛蒂尔德,你能向我推荐一些有意思的书吗？整个藏书阁您都了如指掌,0.664869
玛蒂尔德,不必了。,0.0300757
玛蒂尔德,你有拿破仑的书推荐吗？要知道我已经读过了，圣赫勒拿到回忆录和战争论，,0.817456
玛蒂尔德,我的确读过这些作品！崇敬伟大的人物，不论他们政见如何，我在为我们家族最伟大的人服丧。博尼法斯.德拉莫今天是他的祭日。,0.998691
玛蒂尔德,与您相伴的时光,0.999504
玛蒂尔德,我没有生在那个时代，今日已经没有真正的伟人了，拿破仑根本比不上,0.00595169
玛蒂尔德,你在威胁我吗？,8.48371e-05
玛蒂尔德,凌晨1点到花园来，到井旁取花匠的梯子，靠在我房间的窗台上爬进来，我有话跟你说。,0.738217
玛蒂尔德,你在找什么吗？,0.00262951
玛蒂尔德,谢谢你在颤抖。,0.835429
玛蒂尔德,今天整个下午天气都很棒，但晚上还是很凉。,0.980805
玛蒂尔德,当然，夏天也一定温柔怡人。你把我当什么人？！,0.486451
玛蒂尔德,你以为什么？,0.000427941
玛蒂尔德,不错，但我改变主意了。女人很多变的，晚安吧，先生！请从窗户出去。他跟别人一样，甚至还是个穷光蛋。,0.986717
玛蒂尔德,本该知足,0.950572
玛蒂尔德,他若即若离的距离,0.913883
玛蒂尔德,本该知足,0.950572
玛蒂尔德,他口是心非的话语,0.869108
玛蒂尔德,雾里看花,0.933471
玛蒂尔德,看我们之间不解的谜,0.0489478
玛蒂尔德,我已知足,0.995586
玛蒂尔德,曾轻率大胆地试探,0.963944
玛蒂尔德,我已知足,0.995586
玛蒂尔德,坦露我冷漠的内心,0.203919
玛蒂尔德,让她疑心重重,0.0278009
玛蒂尔德,让她心灰意冷,0.00801225
玛蒂尔德,我是你的谁,1.0
玛蒂尔德,你为何喜欢我,0.814572
玛蒂尔德,身体渴望着你,0.996044
玛蒂尔德,偏爱夜色动人,0.997993
玛蒂尔德,怎奈月色弄人,0.126825
玛蒂尔德,今日你爱我,0.948864
玛蒂尔德,明日却疏远,0.457237
玛蒂尔德,狂热转瞬成无情,0.0811589
玛蒂尔德,美梦落空添烦恼,0.417414
玛蒂尔德,我只向前这一步,0.690072
玛蒂尔德,每当我躲开你,0.988231
玛蒂尔德,你便来迎合我,0.874747
玛蒂尔德,当你深陷其中,0.971269
玛蒂尔德,我又抽身远离,0.034438
玛蒂尔德,每当我跟随你,0.998797
玛蒂尔德,你便会忘记我,0.763186
玛蒂尔德,而当我远离你,0.272055
玛蒂尔德,你又回头找我,0.983072
玛蒂尔德,阴晴不定,0.822877
玛蒂尔德,是爱情本来的面目,0.986789
玛蒂尔德,当你拥抱着我,0.940302
玛蒂尔德,我已开始厌倦,0.500835
玛蒂尔德,爱到不知所措,0.999769
玛蒂尔德,即使想逃,0.203875
玛蒂尔德,还是躲不开这份爱,0.0444516
玛蒂尔德,向欲望妥协,0.588848
玛蒂尔德,却不知所以,0.0065544
玛蒂尔德,梦着永恒的爱,0.996299
玛蒂尔德,却从床上坠落,0.140825
玛蒂尔德,发现只爱自己,0.223293
玛蒂尔德,理智已沦陷,0.0750411
玛蒂尔德,爱恋却迟到,0.613287
玛蒂尔德,为了生活而携手,0.999056
玛蒂尔德,世人都这样,0.175242
玛蒂尔德,我们也该亦步亦趋吗,0.0283562
玛蒂尔德,每当我躲开你,0.988231
玛蒂尔德,你便来迎合我,0.874747
玛蒂尔德,当你深陷其中,0.971269
玛蒂尔德,我又抽身远离,0.0344379
玛蒂尔德,每当我跟随你,0.998797
玛蒂尔德,你便会忘记我,0.763186
玛蒂尔德,而当我远离你,0.272055
玛蒂尔德,你又回头找我,0.983072
玛蒂尔德,阴晴不定,0.822877
玛蒂尔德,是爱情本来的面目,0.986789
玛蒂尔德,当你拥抱着我,0.940302
玛蒂尔德,我已开始厌倦,0.500835
玛蒂尔德,爱到不知所措,0.999769
玛蒂尔德,即使想逃,0.203875
玛蒂尔德,还是躲不开这份爱,0.0444516
玛蒂尔德,没什么，我只是有点困惑，你一直陪着元帅夫人身边,0.715931
玛蒂尔德,不可以，你已经把我忘了吗？,0.000383023
玛蒂尔德,不，于连，我真的爱你。我爱你。,0.982764
玛蒂尔德,我要成为你的女人，我要你…我要你娶我,0.298083
玛蒂尔德,考虑？！你到底爱不爱我？,0.000753505
玛蒂尔德,所以呢？,0.0173028
玛蒂尔德,你要一个保证？,0.0088587
玛蒂尔德,不是他的错,0.750567
玛蒂尔德,是我先爱上他的，是我先勾引他的。你也有责任,0.997501
玛蒂尔德,是你跟我说“他身上有些不俗的气质。“这是真的。在他身上我看到了高贵，是真实的，心灵的高贵,0.99919
玛蒂尔德,父亲，我们要结婚,0.994816
玛蒂尔德,不用烦心，我们会离开的，走得远远的，不会玷污了您的名声，没有人会认出索雷尔夫人是您的女儿，她不过是维利叶城一个木匠的儿媳妇。我不怕贫穷，我坚信于连一定有出头之日，摆脱低人一等的地位。和他在一起，我无惧混沌的未来。噢，我的父亲，不要憎恨他，想到给您带来痛苦，于连比我更煎熬。.父亲，我爱您，我……,0.950862
玛蒂尔德,玛蒂尔特父亲：够了。别说了，你出去吧，出去！,0.697886
玛蒂尔德,玛蒂尔特父亲：刚刚出生那一刻的你,0.984636
玛蒂尔德,是我见过最美的东西,0.999711
玛蒂尔德,你的人生想必一片光明,0.98725
玛蒂尔德,充满欢乐 和爱意,0.999952
玛蒂尔德,从拥有你的第一天起,0.99915
玛蒂尔德,我以为我已尽了全力,0.180322
玛蒂尔德,把我们之间的纽带维系,0.742186
玛蒂尔德,共同生活 和前进,0.996955
玛蒂尔德,拥着你在怀中睡着感觉太好,0.989674
玛蒂尔德,能在旁看你丫丫学步真的太好,0.986598
玛蒂尔德,做你的依靠,0.441033
玛蒂尔德,去珍藏 你微笑,0.99078
玛蒂尔德,而你 最好 听仔细,0.988615
玛蒂尔德,所有付出,0.993375
玛蒂尔德,再付出也于事无补,0.0135439
玛蒂尔德,当你不再需要为父的指引,0.643464
玛蒂尔德,所有怨气,0.138969
玛蒂尔德,随我们的亲情远离,0.630947
玛蒂尔德,若你宁愿选择陌生人陪你,0.00966358
玛蒂尔德,我把太多希望寄予你,0.202647
玛蒂尔德,有时看着镜子里倒影,0.957369
玛蒂尔德,仿佛看得到你的轨迹,0.972178
玛蒂尔德,有其父 必有其女,0.915738
玛蒂尔德,我为你编织一场梦境,0.992752
玛蒂尔德,瑰丽未来愿你不会醒,0.8936
玛蒂尔德,家族姓氏照耀你一生,0.986006
玛蒂尔德,你永远 别想抹去,0.0103578
玛蒂尔德,我期望的他乃一位人中英豪,0.671179
玛蒂尔德,能在我走之后真正让你过得好,0.996788
玛蒂尔德,做你的依靠,0.441033
玛蒂尔德,会珍藏 你微笑,0.996444
玛蒂尔德,而你 最好 听仔细,0.988615
玛蒂尔德,所有付出,0.993375
玛蒂尔德,再付出也于事无补,0.0135439
玛蒂尔德,当你不再需要为父的指引,0.643464
玛蒂尔德,所有怨气,0.138969
玛蒂尔德,随我们的亲情远离,0.630947
玛蒂尔德,若你宁愿选择陌生人陪你,0.00966358
玛蒂尔德,所有付出于事无补,0.322113
玛蒂尔德,你得知道 所有付出,0.97594
玛蒂尔德,我的付出于事无补,0.851439
玛蒂尔德,当你不再需要为父的指引,0.643464
玛蒂尔德,所有怨气,0.138969
玛蒂尔德,随我们的亲情远离,0.630947
玛蒂尔德,若你坚持那我只好放弃你,0.288144
玛蒂尔德,可是只要我还没咽气,0.104224
玛蒂尔德,我的孩子我守护到底,0.998195
玛蒂尔德,我总会原谅你的一切,0.990703
玛蒂尔德,我的心肝 我骨血,0.945095
玛蒂尔德,父亲，不要，除非你先杀了我！,0.000904432
玛蒂尔德,亲爱的，昨天带给你水果吃了吗？你得吃饭，才能恢复体力。明天！明天就要面对审判员了。你别担心，律师跟我说他很有信心，他会为你辩护，你不过是荣誉受辱而一时冲动。这也是事实，我也会为你作证。于连？你怎么不听我说话,0.1029
玛蒂尔德,我还私下见过陪审团主席，他会站在我们这边的。,0.945467
玛蒂尔德,钱不重要！审判就是场战争，我们必须要赢。想想我肚子里的孩子。,0.517011
玛蒂尔德,别说了！别再自怨自艾了！的确是有受害者，可却没有人死亡。我还没跟你说，她没死，她还活着。,3.82486e-05
玛蒂尔德,于连，德瑞纳夫人还活着。我得走了，我的天使，相信我。,0.802839
